0,1
call,365
free,217
txt,169
ur,144
u,141
text,139
mobil,135
stop,116
claim,115
repli,112
prize,94
get,88
tone,74
servic,72
send,71
new,69
nokia,68
award,66
week,62
cash,62
urgent,62
win,61
contact,61
phone,57
pleas,56
c,51
custom,51
guarante,51
collect,51
min,51
chat,45
per,44
messag,43
cs,41
draw,40
offer,40
tri,39
number,39
today,38
receiv,37
latest,37
line,37
voucher,36
msg,35
show,35
rington,34
landlin,34
go,34
camera,33
box,33
want,33
everi,33
po,32
holiday,32
rate,31
select,31
live,30
video,30
day,30
appli,29
code,29
chanc,29
network,28
cost,28
date,28
orang,28
await,27
entri,26
know,26
word,25
uk,25
end,25
mob,25
game,25
charg,24
sm,24
weekli,24
poli,24
back,23
valid,23
pound,23
find,23
pic,23
r,22
attempt,22
deliveri,21
special,21
bonu,21
sae,21
play,20
music,20
updat,19
credit,19
http,19
wait,19
account,19
see,19
unsubscrib,19
club,19
take,19
time,19
colour,18
privat,18
expir,18
join,18
doubl,18
land,18
hi,18
wk,18
tell,18
gift,18
final,17
top,17
order,17
price,17
winner,16
pobox,16
next,16
statement,16
point,16
identifi,16
friend,16
start,16
enter,16
dear,16
auction,16
thank,15
ye,15
camcord,15
oper,15
match,15
sexi,15
name,15
hot,15
xma,15
help,15
shop,15
wkli,14
freemsg,14
info,14
yr,14
content,14
someon,14
think,14
congratul,14
like,13
year,13
last,13
weekend,13
quiz,13
ltd,13
make,13
cd,13
easi,13
half,13
worth,13
savamob,13
opt,13
mate,13
question,12
use,12
nation,12
complimentari,12
caller,12
player,12
real,12
dog,12
look,12
anytim,12
minut,12
fanci,12
current,12
rental,12
ipod,12
import,12
good,12
enjoy,12
wan,12
xxx,11
valu,11
dont,11
eg,11
follow,11
invit,11
motorola,11
sex,11
need,11
fantasi,11
great,11
comp,10
reward,10
wap,10
miss,10
news,10
tomorrow,10
congrat,10
repres,10
speak,10
sent,10
direct,10
txting,10
secret,10
admir,10
unlimit,10
choos,10
hmv,10
babe,10
x,10
love,10
ldn,10
welcom,10
tc,10
term,10
one,10
ts,10
either,10
pl,10
ntt,10
girl,10
na,10
inform,10
b,10
part,10
std,9
fun,9
england,9
age,9
bluetooth,9
discount,9
subscrib,9
best,9
summer,9
chariti,9
reveal,9
give,9
digit,9
n,9
del,9
flag,9
entitl,8
inc,8
sunshin,8
soni,8
sp,8
freephon,8
tnc,8
answer,8
access,8
member,8
sub,8
us,8
custcar,8
area,8
store,8
bid,8
user,8
lucki,8
detail,8
may,7
still,7
etc,7
flight,7
dvd,7
download,7
even,7
horni,7
loyalti,7
sport,7
rcvd,7
maxim,7
tenerif,7
activ,7
visit,7
within,7
spree,7
remov,7
fantast,7
night,7
could,7
extra,7
care,7
guess,7
log,7
onto,7
got,7
croydon,7
plu,7
costa,7
sol,7
saturday,7
month,6
hl,6
link,6
pass,6
quot,6
standard,6
frnd,6
goto,6
meet,6
handset,6
singl,6
keep,6
cc,6
first,6
logo,6
vari,6
announc,6
guy,6
vodafon,6
holder,6
pc,6
txtauction,6
book,6
zed,6
record,6
asap,6
gay,6
regist,6
ask,6
sipix,6
an,6
luck,6
readi,6
arriv,6
titl,6
bill,6
arcad,6
fone,6
im,6
toclaim,6
stockport,6
sky,6
tariff,6
pick,6
cup,5
hey,5
ok,5
hour,5
co,5
click,5
v,5
subscript,5
recent,5
come,5
voda,5
locat,5
bt,5
must,5
local,5
luv,5
tv,5
partner,5
flirt,5
themob,5
decemb,5
sonyericsson,5
eve,5
post,5
loan,5
condit,5
unsub,5
ring,5
immedi,5
alert,5
break,5
polyphon,5
talk,5
videophon,5
videochat,5
wid,5
java,5
dload,5
nolin,5
rentl,5
xchat,5
surpris,5
place,5
let,5
cum,5
linerent,5
optout,5
reach,5
eeri,5
rpli,5
comput,5
well,5
offici,5
inclus,5
spook,5
cancel,5
fa,4
tkt,4
ac,4
correct,4
review,4
trip,4
unredeem,4
app,4
q,4
countri,4
ansr,4
tyron,4
laid,4
tonight,4
largest,4
noth,4
netcollex,4
recd,4
upgrad,4
card,4
check,4
refer,4
ad,4
close,4
purpos,4
tenant,4
refus,4
mono,4
daili,4
hello,4
forward,4
cust,4
ibiza,4
ppm,4
vip,4
address,4
sale,4
cheap,4
money,4
away,4
contract,4
f,4
cant,4
bore,4
futur,4
ralli,4
jordan,4
deliv,4
txtin,4
set,4
xx,4
origin,4
pod,4
hope,4
hotel,4
brand,4
london,4
mobi,4
action,4
connect,4
bahama,4
excit,4
would,4
done,4
freefon,4
yer,4
eng,4
ntwk,4
adult,4
hit,4
crazi,4
porn,4
fromm,4
mth,4
film,4
santa,4
six,3
team,3
cinema,3
suprman,3
advis,3
hear,3
simpli,3
password,3
verifi,3
dream,3
soon,3
star,3
sam,3
penc,3
chart,3
genuin,3
newest,3
germani,3
via,3
valentin,3
shag,3
avail,3
mobilesdirect,3
TRUE,3
competit,3
heart,3
ave,3
homeown,3
previous,3
notic,3
ibhltd,3
renew,3
ladi,3
kick,3
kept,3
result,3
postcod,3
work,3
textoper,3
listen,3
pari,3
citi,3
skilgm,3
ever,3
life,3
subpoli,3
alfi,3
moon,3
children,3
song,3
profit,3
five,3
suppli,3
till,3
liverpool,3
male,3
compani,3
polyph,3
euro,3
flower,3
peopl,3
p,3
receipt,3
yesterday,3
mani,3
energi,3
celeb,3
voicemail,3
choic,3
jamster,3
sauci,3
photo,3
arsen,3
alon,3
high,3
shortli,3
stay,3
g,3
sorri,3
hard,3
biggest,3
tour,3
ticket,3
chosen,3
buy,3
press,3
purchas,3
abta,3
right,3
person,3
mind,3
provid,3
tsc,3
men,3
hol,3
med,3
pix,3
cross,3
also,3
heard,3
rude,3
halloween,3
score,3
town,3
thing,3
amaz,3
sept,3
king,3
super,3
littl,3
deliveredtomorrow,3
truli,3
wo,3
save,3
callback,3
nat,3
goal,3
darl,2
chg,2
rcv,2
receivea,2
tsandc,2
membership,2
jackpot,2
lccltd,2
sptv,2
eurodisinc,2
trav,2
aco,2
di,2
morefrmmob,2
shracomorsglsuplt,2
usher,2
britney,2
fml,2
gent,2
algarv,2
hardcor,2
randi,2
arrang,2
uniqu,2
enough,2
august,2
horo,2
sign,2
qualiti,2
pay,2
sim,2
blind,2
fix,2
prepay,2
lifetim,2
lover,2
mobno,2
adam,2
yahoo,2
txtno,2
juli,2
dave,2
cha,2
web,2
ag,2
promo,2
textbuddi,2
search,2
rstm,2
premium,2
sue,2
old,2
callcost,2
mobilesvari,2
email,2
ctxt,2
helplin,2
around,2
premier,2
commun,2
cashto,2
getstop,2
php,2
wed,2
world,2
discreet,2
virgin,2
drop,2
travel,2
fixedlin,2
mid,2
remind,2
cheaper,2
peak,2
filthi,2
somebodi,2
secretli,2
kickoff,2
eastend,2
dot,2
compar,2
violet,2
tulip,2
lili,2
e,2
lot,2
warranti,2
speedchat,2
wish,2
forget,2
request,2
wrc,2
oz,2
lucozad,2
le,2
pack,2
itcould,2
nok,2
complet,2
hungri,2
feel,2
lion,2
lionm,2
lionp,2
potter,2
phoenix,2
harri,2
among,2
reader,2
balanc,2
st,2
georg,2
bear,2
upload,2
textpod,2
clair,2
luci,2
hubbi,2
fri,2
leav,2
jsco,2
sing,2
british,2
dracula,2
ghost,2
addamsfa,2
munster,2
exorcist,2
twilight,2
respons,2
sell,2
cam,2
hlp,2
wiv,2
marri,2
vu,2
wow,2
boy,2
callfreefon,2
cruis,2
ibh,2
space,2
invad,2
orig,2
consol,2
big,2
foley,2
eye,2
straight,2
wet,2
pm,2
upto,2
total,2
prompt,2
yo,2
aom,2
gender,2
stamp,2
self,2
envelop,2
drink,2
bray,2
wicklow,2
eir,2
skillgam,2
satisfi,2
home,2
ref,2
respond,2
gettin,2
lost,2
mailbox,2
retriev,2
pub,2
street,2
duchess,2
cornwal,2
footbal,2
gamestar,2
babi,2
slo,2
brought,2
instruct,2
knock,2
norm,2
nyt,2
includ,2
fastest,2
grow,2
luxuri,2
canari,2
island,2
burger,2
interflora,2
everyon,2
sinc,2
warm,2
bring,2
sound,2
realiti,2
yet,2
drive,2
improv,2
lotr,2
lookatm,2
movi,2
bloomberg,2
center,2
westlif,2
unbreak,2
untam,2
unkempt,2
bank,2
granit,2
issu,2
explos,2
nasdaq,2
symbol,2
cdgt,2
thur,2
sat,2
believ,2
incred,2
learn,2
blow,2
unabl,2
class,2
mila,2
blond,2
mtalk,2
increment,2
funk,2
iscom,2
blu,2
wml,2
housew,2
spanish,2
indic,2
accid,2
natalja,2
polyh,2
anoth,2
polo,2
suit,2
busi,2
explicit,2
sec,2
mnth,2
txtstop,2
randomli,2
loyal,2
support,2
warner,2
villag,2
henri,2
donat,2
wallpap,2
due,2
garden,2
bulb,2
seed,2
scotsman,2
mayb,2
tb,1
xxxmobilemovieclub,1
macedonia,1
wale,1
scotland,1
confirm,1
rodger,1
burn,1
jersey,1
devil,1
detroit,1
red,1
wing,1
ice,1
hockey,1
incorrect,1
ken,1
stuff,1
gravel,1
nt,1
svc,1
femal,1
annonc,1
bootydeli,1
bangbab,1
way,1
bangb,1
menu,1
career,1
flyng,1
ari,1
thirtyeight,1
realli,1
nake,1
chang,1
aberdeen,1
unit,1
kingdom,1
hide,1
gossip,1
fit,1
funki,1
smart,1
winnersclub,1
xxuk,1
suzi,1
websit,1
gbp,1
cal,1
l,1
upgrdcentr,1
okmail,1
moan,1
boltblu,1
slide,1
yeah,1
slow,1
jamz,1
toxic,1
pin,1
tgxxrz,1
reciev,1
channel,1
teletext,1
pg,1
monthlysubscript,1
csc,1
textand,1
xclusiv,1
clubsaisai,1
soire,1
zouk,1
nichol,1
rose,1
seem,1
cool,1
say,1
lapdanc,1
bedroom,1
deck,1
alertfrom,1
jeri,1
stewarts,1
prescripiton,1
drvgsto,1
realiz,1
thousand,1
run,1
tattoo,1
romant,1
unclaim,1
claimcod,1
thought,1
perfect,1
toppoli,1
tune,1
pole,1
availa,1
outbid,1
shinco,1
plyr,1
notif,1
smsservic,1
yourinclus,1
fall,1
mysteri,1
approx,1
xxxxxx,1
posh,1
bird,1
chap,1
trial,1
prod,1
champney,1
put,1
dob,1
ta,1
alreadi,1
paid,1
mymobi,1
lastest,1
stereophon,1
marley,1
dizze,1
racal,1
libertin,1
stroke,1
nookii,1
bookmark,1
januari,1
matthew,1
touch,1
folk,1
stori,1
panason,1
bluetoothhdset,1
doublemin,1
doubletxt,1
bloke,1
zoe,1
elvi,1
presley,1
birthday,1
speed,1
em,1
swap,1
chatter,1
rcd,1
survey,1
howev,1
notifi,1
market,1
sexual,1
cute,1
door,1
exp,1
accommod,1
variou,1
global,1
jane,1
videosound,1
gold,1
sang,1
nick,1
tom,1
pete,1
dick,1
fact,1
type,1
dartboard,1
trebl,1
optin,1
what,1
bbc,1
havin,1
borin,1
bought,1
meetin,1
cumin,1
leadership,1
skill,1
strong,1
psychic,1
vote,1
along,1
karaok,1
instal,1
brows,1
artist,1
olymp,1
pro,1
redeem,1
bx,1
allow,1
feelin,1
kinda,1
lnli,1
jst,1
rgent,1
lookin,1
daytim,1
busti,1
woman,1
sort,1
janinexx,1
monthli,1
four,1
suffici,1
trackmarqu,1
mandi,1
sullivan,1
hotmix,1
fm,1
easter,1
telephon,1
transfer,1
els,1
conact,1
brother,1
hottest,1
hack,1
backdoor,1
room,1
fraction,1
dp,1
bcm,1
nearli,1
ban,1
extrem,1
dirti,1
offic,1
privaci,1
sic,1
wild,1
ill,1
hurri,1
rpl,1
cnl,1
vpod,1
minapn,1
fifa,1
held,1
open,1
cast,1
wither,1
txtx,1
marsm,1
buffi,1
qlynnbv,1
bundl,1
deal,1
avbl,1
mf,1
ya,1
bout,1
scammer,1
regular,1
prem,1
no,1
bewar,1
passion,1
dena,1
splashmobil,1
subscrit,1
arrow,1
tddnewslett,1
thedailydraw,1
helen,1
dozen,1
restrict,1
buddi,1
sir,1
monoc,1
polyc,1
stream,1
becausethey,1
nasti,1
filthyguy,1
bitch,1
gotto,1
login,1
creat,1
page,1
read,1
wrote,1
opinion,1
sppok,1
complementari,1
sender,1
hvae,1
mini,1
snap,1
quizclub,1
rwm,1
gmw,1
vid,1
keyword,1
ten,1
tarot,1
horniest,1
whose,1
park,1
sara,1
fan,1
europ,1
lux,1
jame,1
women,1
instantli,1
footi,1
stadium,1
larg,1
walk,1
child,1
afraid,1
dark,1
becom,1
teenag,1
bin,1
instant,1
fav,1
crazyin,1
sleepingwith,1
finest,1
ymca,1
åòit,1
late,1
christma,1
midnight,1
romcapspam,1
presenc,1
outgo,1
breath,1
frog,1
stopbcm,1
sf,1
yhl,1
packag,1
resubmit,1
expiri,1
anyon,1
slower,1
idiot,1
faster,1
maniac,1
profession,1
tiger,1
wood,1
hr,1
chrgd,1
ton,1
hunk,1
abroad,1
lone,1
xxsp,1
stopcost,1
agent,1
load,1
goodi,1
mat,1
lord,1
return,1
june,1
soundtrack,1
stdtxtrate,1
feb,1
classic,1
clip,1
better,1
mmsto,1
vat,1
hava,1
rct,1
thnq,1
adrian,1
rgd,1
vatian,1
lose,1
mistak,1
shortcod,1
never,1
much,1
came,1
made,1
deltomorrow,1
begin,1
smartcal,1
landlineonli,1
orno,1
fink,1
met,1
promis,1
carli,1
lingeri,1
superb,1
weddingfriend,1
knicker,1
beg,1
dorothi,1
fast,1
rock,1
chik,1
filth,1
saristar,1
mobcudb,1
banneduk,1
round,1
highest,1
maximum,1
will,1
strt,1
ltdhelpdesk,1
html,1
mfl,1
wamma,1
doggin,1
promot,1
txtstar,1
uve,1
wildest,1
airport,1
loung,1
twink,1
scalli,1
skin,1
jock,1
row,1
concert,1
novemb,1
stopc,1
åòharri,1
oh,1
god,1
found,1
glad,1
xafter,1
cst,1
pictur,1
xxxxx,1
pushbutton,1
dontcha,1
babygoodby,1
golddigg,1
webeburnin,1
gnarl,1
barkley,1
secur,1
unsecur,1
ca,1
ringtonek,1
tripl,1
echo,1
dial,1
chase,1
definit,1
ignor,1
kath,1
manchest,1
bad,1
season,1
villa,1
hero,1
tip,1
gsoh,1
spam,1
gigolo,1
oncal,1
mjzgroup,1
ukp,1
spjanuari,1
simpson,1
releas,1
band,1
die,1
amanda,1
regard,1
tel,1
subject,1
cmon,1
sticki,1
prizeawait,1
left,1
normal,1
gpr,1
accordingli,1
repeat,1
block,1
breaker,1
delux,1
format,1
featur,1
graphic,1
bbdelux,1
challeng,1
kit,1
strip,1
oja,1
anonym,1
mask,1
potenti,1
abus,1
shi,1
landmark,1
bob,1
barri,1
ben,1
tonex,1
recpt,1
process,1
headset,1
floppi,1
snappi,1
happi,1
mg,1
proze,1
norcorp,1
item,1
wine,1
wot,1
cock,1
man,1
wife,1
string,1
rec,1
otbox,1
sexiest,1
dirtiest,1
laugh,1
logon,1
cm,1
cannam,1
capit,1
australia,1
mquiz,1
rip,1
chloe,1
smash,1
rayman,1
golf,1
key,1
termsappli,1
black,1
continu,1
presid,1
id,1
fgkslpopw,1
fgkslpo,1
skip,1
customercar,1
lyricalladi,1
ou,1
sn,1
colin,1
farrel,1
swat,1
wkend,1
popcorn,1
kiosk,1
mre,1
simpl,1
shot,1
yard,1
bergkamp,1
margin,1
sexychat,1
ami,1
coupl,1
parti,1
benefit,1
train,1
advisor,1
diall,1
meal,1
dine,1
experiencehttp,1
unicef,1
asian,1
tsunami,1
disast,1
fund,1
goldvik,1
phoni,1
xxxx,1
freeentri,1
xt,1
deepest,1
darkest,1
natali,1
accommodationvouch,1
mustprovid,1
pink,1
panther,1
sugabab,1
zebra,1
anim,1
badass,1
hoodi,1
resent,1
previou,1
fail,1
error,1
queri,1
customersqueri,1
vco,1
ree,1
compens,1
someonon,1
textcomp,1
subsequ,1
erot,1
ecstaci,1
dept,1
two,1
radio,1
coincid,1
lead,1
paus,1
psp,1
legitimat,1
efreefon,1
wat,1
polic,1
station,1
toilet,1
stolen,1
cop,1
sparkl,1
ringtoneåá,1
marvel,1
ultim,1
spider,1
gsex,1
chatlin,1
inclu,1
india,1
serv,1
sed,1
mega,1
giv,1
shit,1
bailiff,1
hous,1
